model_name,train_mae,train_rmse,train_r2,test_mae,test_rmse,test_r2
Linear Regression,20.022835569775992,25.378154140490174,0.9362327463599558,21.97376258764083,27.26404997701219,0.9118691325463861
Random Forest Regressor,10.558928220939137,13.72442667309542,0.9813505480534093,21.692499394112836,27.58162215568634,0.9098040751924177
